Nb,Name,Label,Type,AtCenter,CMx (pix),CMy (pix),CMz (pix),CMx (unit),CMy (unit),CMz (unit),IntDen,Min,Max,Mean,Sigma,Mode,Mode NonZero,NbObjects,VolObjects,
0,obj1-val1,1,0,4095.0,153.13418608827658,189.1628942730469,4.130393660320101,16.79364397617574,20.744775422603837,2.0651968301600503,5557126.0,195.0,4095.0,1602.4008073817763,1323.6095512907755,4095.0,4095.0,1681,3468,
1,obj2-val2,2,0,886.0,173.6514600212303,292.79810249522376,5.638246172119737,19.043695402269904,32.110054690009164,2.8191230860598684,2.44384734E8,184.0,4095.0,1291.3532790480167,731.6604608062574,444.0,444.0,3723,189247,
2,obj3-val3,3,0,2458.0,104.51393258631956,253.61187140499715,5.228557135251203,11.461645627534063,27.812649711358254,2.6142785676256013,8989214.0,194.0,4095.0,1348.5169516951696,1139.1932906342213,4095.0,4095.0,2403,6666,
3,obj4-val255,255,0,2621.0,131.37436745255894,240.29461855472493,4.564931953229825,14.407327396651556,26.352197223112036,2.2824659766149127,208680.0,206.0,4095.0,2820.0,1304.0468518350183,4095.0,4095.0,44,74,
