Nb,Name,Label,Type,AtCenter,CMx (pix),CMy (pix),CMz (pix),CMx (unit),CMy (unit),CMz (unit),IntDen,Min,Max,Mean,Sigma,Mode,Mode NonZero,NbObjects,VolObjects,
0,obj1-val1,1,0,322.0,7.026551494222142,6.991081414784375,7.754885459990916,0.7705751876083932,0.7666853188527573,3.877442729995458,1204339.0,119.0,635.0,236.7483782189896,98.6772005998878,164.0,164.0,431,5087,
1,obj2-val2,2,0,551.0,252.18825522398902,115.7743279908107,6.57666553309588,27.656527137338163,12.696530379819084,3.28833276654794,1899602.0,116.0,1072.0,254.6724762032444,130.2844027166189,164.0,164.0,623,7459,
2,obj3-val3,3,0,419.0,240.02369975920254,270.8697396667372,7.494635167642342,26.32248658883319,29.705254509664574,3.747317583821171,1.31075298E8,114.0,1198.0,351.7770585251564,152.76576294631485,235.0,235.0,958,372609,
3,obj4-val255,255,0,125.0,212.78521796674664,175.34990487219787,7.141616345438002,23.335345850641946,19.229957391633114,3.570808172719001,24178.0,212.0,512.0,371.96923076923076,80.73664154806997,273.0,273.0,62,65,
