Nb,Name,Label,Type,AtCenter,CMx (pix),CMy (pix),CMz (pix),CMx (unit),CMy (unit),CMz (unit),IntDen,Min,Max,Mean,Sigma,Mode,Mode NonZero,NbObjects,VolObjects,
0,obj1-val1,1,0,253.0,314.5150222381417,211.33698187843828,6.891620324674864,34.49166671106046,23.176523304992475,3.445810162337432,4.6388993E7,122.0,562.0,252.31978787054663,65.16831431159163,166.0,166.0,402,183850,
1,obj2-val2,2,0,323.0,209.34694390007078,198.52453380471547,5.211626873050481,22.958283405976676,21.77143083733602,2.6058134365252403,1405795.0,135.0,560.0,266.65307283763275,76.61118372580286,165.0,165.0,352,5272,
2,obj3-val255,255,0,228.0,250.0645184544406,195.81574394463667,4.739619377162629,27.423625000212816,21.474368152128584,2.3698096885813147,13872.0,250.0,368.0,315.27272727272725,27.038614623554686,299.0,299.0,33,44,
