Nb,Name,Label,Type,AtCenter,CMx (pix),CMy (pix),CMz (pix),CMx (unit),CMy (unit),CMz (unit),IntDen,Min,Max,Mean,Sigma,Mode,Mode NonZero,NbObjects,VolObjects,
0,obj1-val1,1,0,1232.0,314.4786867197364,212.92388966304782,7.627278249897028,34.487681932903634,23.350553448349174,3.813639124948514,2.21809897E8,130.0,4095.0,1206.4721076964918,875.2134390629586,4095.0,4095.0,3939,183850,
1,obj2-val2,2,0,2027.0,208.5777393713357,198.07631669478891,6.000365680294583,22.87392766980557,21.72227657099997,3.0001828401472914,5493870.0,144.0,4095.0,1042.084597875569,873.1076219007817,4095.0,4095.0,2115,5272,
2,obj3-val255,255,0,165.0,237.61275450109372,194.866279656739,4.506007067137809,26.058087388726502,21.37024401351296,2.2530035335689047,59430.0,517.0,2856.0,1350.6818181818182,681.1850403499899,807.0,807.0,42,44,
