Nb,Name,Label,Type,AtCenter,CMx (pix),CMy (pix),CMz (pix),CMx (unit),CMy (unit),CMz (unit),IntDen,Min,Max,Mean,Sigma,Mode,Mode NonZero,NbObjects,VolObjects,
0,obj1-val1,1,0,132.0,181.56309159371972,104.95219877933083,3.1904456453964998,19.911333957010818,11.509708614645135,1.5952228226982499,781047.0,100.0,239.0,132.58309285350535,10.222117868932616,132.0,132.0,85,5891,
1,obj2-val2,2,0,639.0,203.32193707810939,205.4407989235162,5.261526397498272,22.297543814728762,22.52991133745783,2.630763198749136,1.20128145E8,107.0,1720.0,377.0322960312603,158.4136383261531,219.0,219.0,1040,318615,
2,obj3-val255,255,0,313.0,199.87163846254757,181.32408500590319,3.835891381345927,21.919162683504183,19.885123013221705,1.9179456906729635,15246.0,116.0,563.0,346.5,167.62145891374436,128.0,128.0,37,44,
