Nb,Name,Label,Type,AtCenter,CMx (pix),CMy (pix),CMz (pix),CMx (unit),CMy (unit),CMz (unit),IntDen,Min,Max,Mean,Sigma,Mode,Mode NonZero,NbObjects,VolObjects,
0,obj1-val1,1,0,212.0,195.29011396270997,102.86561543633862,4.238307589344628,21.416724310441975,11.280880952553865,2.119153794672314,1273048.0,126.0,273.0,180.70234208658624,22.035800240572467,172.0,172.0,133,7045,
1,obj2-val2,2,0,209.0,298.70797554633685,161.84371882766058,5.311898854487134,32.758167998343694,17.74878531829085,2.655949427243567,2.9830132E7,125.0,334.0,193.40200597773585,25.64985138040805,179.0,179.0,193,154239,
2,obj3-val255,255,0,198.0,262.52881277482066,132.3336033325619,4.633649618143949,28.79053676941154,14.512523148622032,2.3168248090719743,8642.0,166.0,224.0,196.4090909090909,15.45182789189836,205.0,205.0,33,44,
