Nb,Name,Label,Type,AtCenter,CMx (pix),CMy (pix),CMz (pix),CMx (unit),CMy (unit),CMz (unit),IntDen,Min,Max,Mean,Sigma,Mode,Mode NonZero,NbObjects,VolObjects,
0,obj1-val1,1,0,1071.0,150.2899990217462,214.18234420734817,5.387224662849057,16.481732794113363,23.4885633736117,2.6936123314245286,2.61598779E8,130.0,2809.0,778.5816978874623,346.73397361868865,391.0,391.0,2091,335994,
1,obj2-val2,2,0,215.0,313.1691051310042,232.13311473994952,4.258039020757048,34.344065099061936,25.45715612956727,2.129019510378524,1251334.0,114.0,496.0,169.741454150841,31.432871303791085,153.0,153.0,220,7372,
2,obj3-val3,3,0,592.0,369.45476912327763,217.77128870693937,5.739324266676966,40.51669987248866,23.882149271809798,2.869662133338483,1139266.0,120.0,982.0,213.86634128027032,80.197632848441,169.0,169.0,393,5327,
3,obj4-val255,255,0,144.0,256.18598862019917,210.84951398767188,4.876748458985301,28.094943359623887,23.12306455475215,2.4383742294926507,33744.0,136.0,1113.0,456.0,320.87551463209365,151.0,151.0,68,74,
