Nb,Name,Label,Type,AtCenter,CMx (pix),CMy (pix),CMz (pix),CMx (unit),CMy (unit),CMz (unit),IntDen,Min,Max,Mean,Sigma,Mode,Mode NonZero,NbObjects,VolObjects,
0,obj1-val1,1,0,1096.0,195.8858237550465,216.9719756819813,7.044027125393323,21.482053538494643,23.794491651329626,3.5220135626966615,2.26409399E8,125.0,4095.0,1059.1558868658894,871.0221198296368,308.0,308.0,3817,213764,
1,obj2-val255,255,0,425.0,199.29114447045862,208.7567828122848,5.0,21.855502114414595,22.893562683256032,2.5,7261.0,339.0,531.0,427.11764705882354,60.41200455304931,411.0,411.0,16,17,
