Nb,Name,Label,Type,AtCenter,CMx (pix),CMy (pix),CMz (pix),CMx (unit),CMy (unit),CMz (unit),IntDen,Min,Max,Mean,Sigma,Mode,Mode NonZero,NbObjects,VolObjects,
0,obj1-val1,1,0,2640.0,53.83973786984787,65.51692837139939,4.558583392883074,5.90439935492674,7.184992440862436,2.279291696441537,5570973.0,267.0,3616.0,1137.1653398652786,785.5934613915764,387.0,387.0,1836,4899,
1,obj2-val2,2,0,656.0,226.1370231548403,255.09153682187375,4.8127331568262885,24.79958756240997,27.974918991978328,2.4063665784131443,2.1692052E8,177.0,3342.0,557.9403685298929,272.8698882688326,296.0,296.0,2452,388788,
2,obj3-val255,255,0,620.0,118.5974335962115,126.64433157020375,4.0,13.006129638190542,13.88860234490499,2.0,52369.0,601.0,2620.0,1190.2045454545455,654.8203580938875,601.0,601.0,40,44,
