Nb,Name,Label,Type,AtCenter,CMx (pix),CMy (pix),CMz (pix),CMx (unit),CMy (unit),CMz (unit),IntDen,Min,Max,Mean,Sigma,Mode,Mode NonZero,NbObjects,VolObjects,
0,obj1-val1,1,0,1457.0,254.2295978640651,10.324337244903615,4.604743851880809,27.88039342354458,1.1322308127914231,2.3023719259404043,1.6054422E7,142.0,2362.0,681.3692386045327,428.51376327160483,231.0,231.0,1873,23562,
1,obj2-val2,2,0,404.0,178.80690772897594,176.81108304738297,4.850853757540599,19.60907375150253,19.390199246744885,2.4254268787702995,1.57541039E8,142.0,3715.0,849.7084182820405,529.554840620058,261.0,261.0,2915,185406,
2,obj3-val3,3,0,3833.0,331.77483164133105,156.5541931316219,4.569102463455102,36.384484386969355,17.168703145843093,2.284551231727551,3020189.0,150.0,4095.0,1019.6451721809589,962.7502279285885,4095.0,4095.0,1514,2962,
3,obj4-val4,4,0,669.0,397.6464230004588,351.69860529132893,7.573460773818627,43.60837136927667,38.56944889350414,3.7867303869093134,326950.0,187.0,1948.0,532.4918566775244,345.67083858033817,245.0,245.0,403,614,
4,obj5-val255,255,0,127.0,299.0750342334957,160.5525425939209,4.431873014690129,32.79842192901699,17.607186929754512,2.2159365073450643,107351.0,206.0,3740.0,1154.3118279569892,838.4537914530872,499.0,499.0,91,93,
