Nb,Name,Label,Type,AtCenter,CMx (pix),CMy (pix),CMz (pix),CMx (unit),CMy (unit),CMz (unit),IntDen,Min,Max,Mean,Sigma,Mode,Mode NonZero,NbObjects,VolObjects,
0,obj1-val1,1,0,2177.0,123.59268625280176,206.7240636912799,4.737441815904106,13.553940005220303,22.670642105599764,2.368720907952053,1.9899553E8,182.0,4095.0,1555.1020998257309,723.1582837704995,1354.0,1354.0,3690,127963,
1,obj2-val2,2,0,442.0,109.00159325525333,306.9356068655372,2.5151003384777755,11.953790311128852,33.660461043883714,1.2575501692388877,983521.0,186.0,999.0,464.14393581878244,164.30892720653281,326.0,326.0,612,2119,
2,obj3-val255,255,0,330.0,114.14031595170819,262.4270806575905,2.7653480606216285,12.51733449196127,28.77938019489773,1.3826740303108143,31144.0,401.0,1311.0,707.8181818181819,186.19148342215587,401.0,401.0,44,44,
