Nb,Name,Label,Type,AtCenter,CMx (pix),CMy (pix),CMz (pix),CMx (unit),CMy (unit),CMz (unit),IntDen,Min,Max,Mean,Sigma,Mode,Mode NonZero,NbObjects,VolObjects,
0,obj1-val1,1,0,758.0,188.13844410890013,209.24701800890054,5.40016512021902,20.63242786803429,22.94732491340763,2.70008256010951,2.03507482E8,133.0,3762.0,1023.653741103091,532.9734252850413,458.0,458.0,2941,198805,
1,obj2-val2,2,0,1063.0,219.44049610379014,275.54310309656887,2.2283688955978946,24.065204900740042,30.217764509010053,1.1141844477989473,490220.0,149.0,1908.0,666.9659863945578,407.0387213028554,290.0,290.0,549,735,
2,obj3-val3,3,0,319.0,269.1095109585235,115.85597526319988,6.799742508397363,29.512216919577774,12.705484325761235,3.3998712541986813,363507.0,115.0,414.0,194.38877005347592,45.42191698539012,152.0,152.0,208,1870,
3,obj4-val255,255,0,1325.0,218.66650393604687,228.7831411077887,3.133703545493379,23.98032412240139,25.089777257839348,1.5668517727466895,49161.0,181.0,1842.0,664.3378378378378,502.28154188244764,237.0,237.0,70,74,
